Year,fatalities,rate_per100M,rate_ratio_2019
2019,36355,1.11,1.0
2020,39007,1.34,1.207207207207207
2021,43230,1.38,1.243243243243243
2022,42721,1.34,1.207207207207207
2023,40901,1.26,1.135135135135135
2024,39345,1.2,1.081081081081081
